K_value,objective_value,invested_node,pv_capacity,wind_capacity,conventional_capacity
100000.0,-6259219472351.463,1,0.12064472541260496,0.0,0.0
1000000.0,-6260052702227.468,3,1.2064472541260496,0.0,0.0
10000000.0,-6268148951823.827,16,12.064472541260496,0.0,0.0
100000000.0,-6349111447787.425,17,120.64472541260496,0.0,0.0
1000000000.0,-8263512973003.415,21,152.49493292153267,0.0,400.0
10000000000.0,-8563903330284.287,19,250.0,150.0,400.0
